"animal","dam","sire","dist","beans","f"
1,NA,NA,NA,NA,NA
2,NA,NA,NA,NA,NA
3,NA,NA,NA,NA,NA
4,NA,NA,NA,NA,NA
5,NA,NA,NA,NA,NA
6,NA,NA,NA,NA,NA
7,NA,NA,NA,NA,NA
8,NA,NA,NA,NA,NA
9,NA,NA,NA,NA,NA
10,NA,NA,NA,NA,NA
11,NA,NA,NA,NA,NA
12,NA,NA,NA,NA,NA
13,NA,NA,NA,NA,NA
14,NA,NA,NA,NA,NA
15,NA,NA,NA,NA,NA
16,NA,NA,NA,NA,NA
17,NA,NA,NA,NA,NA
18,NA,NA,NA,NA,NA
19,NA,NA,NA,NA,NA
20,NA,NA,NA,NA,NA
21,NA,NA,NA,NA,NA
22,NA,NA,NA,NA,NA
23,NA,NA,NA,NA,NA
24,NA,NA,NA,NA,NA
25,NA,NA,NA,NA,NA
26,NA,NA,NA,NA,NA
27,NA,NA,NA,NA,NA
28,NA,NA,NA,NA,NA
29,NA,NA,NA,NA,NA
30,NA,NA,NA,NA,NA
31,NA,NA,NA,NA,NA
32,NA,NA,NA,NA,NA
33,NA,NA,NA,NA,NA
34,NA,NA,NA,NA,NA
35,NA,NA,NA,NA,NA
36,NA,NA,NA,NA,NA
37,NA,NA,NA,NA,NA
38,NA,NA,NA,NA,NA
39,NA,NA,NA,NA,NA
40,NA,NA,NA,NA,NA
41,NA,NA,NA,NA,NA
42,NA,NA,NA,NA,NA
43,NA,NA,NA,NA,NA
44,NA,NA,NA,NA,NA
45,NA,NA,NA,NA,NA
46,NA,NA,NA,NA,NA
47,NA,NA,NA,NA,NA
48,NA,NA,NA,NA,NA
49,NA,NA,NA,NA,NA
50,NA,NA,NA,NA,NA
51,NA,NA,NA,NA,NA
52,NA,NA,NA,NA,NA
53,NA,NA,NA,NA,NA
54,NA,NA,NA,NA,NA
55,NA,NA,NA,NA,NA
56,NA,NA,NA,NA,NA
57,NA,NA,NA,NA,NA
58,NA,NA,NA,NA,NA
59,NA,NA,NA,NA,NA
60,NA,NA,NA,NA,NA
61,NA,NA,NA,NA,NA
62,NA,NA,NA,NA,NA
63,NA,NA,NA,NA,NA
64,NA,NA,NA,NA,NA
65,NA,NA,NA,NA,NA
66,NA,NA,NA,NA,NA
67,NA,NA,NA,NA,NA
68,NA,NA,NA,NA,NA
69,NA,NA,NA,NA,NA
70,NA,NA,NA,NA,NA
71,NA,NA,NA,NA,NA
72,NA,NA,NA,NA,NA
73,NA,NA,NA,NA,NA
74,NA,NA,NA,NA,NA
75,NA,NA,NA,NA,NA
76,NA,NA,NA,NA,NA
77,NA,NA,NA,NA,NA
78,NA,NA,NA,NA,NA
79,NA,NA,NA,NA,NA
80,NA,NA,NA,NA,NA
81,NA,NA,NA,NA,NA
82,NA,NA,NA,NA,NA
83,NA,NA,NA,NA,NA
84,NA,NA,NA,NA,NA
85,NA,NA,NA,NA,NA
86,NA,NA,NA,NA,NA
87,NA,NA,NA,NA,NA
88,NA,NA,NA,NA,NA
89,NA,NA,NA,NA,NA
90,NA,NA,NA,NA,NA
91,NA,NA,NA,NA,NA
92,NA,NA,NA,NA,NA
93,NA,NA,NA,NA,NA
94,NA,NA,NA,NA,NA
95,NA,NA,NA,NA,NA
96,NA,NA,NA,NA,NA
97,NA,NA,NA,NA,NA
98,NA,NA,NA,NA,NA
99,NA,NA,NA,NA,NA
100,NA,NA,NA,NA,NA
101,NA,NA,NA,NA,NA
102,NA,NA,NA,NA,NA
103,NA,NA,NA,NA,NA
104,NA,NA,NA,NA,NA
105,NA,NA,NA,NA,NA
106,NA,NA,NA,NA,NA
107,NA,NA,NA,NA,NA
108,NA,NA,NA,NA,NA
109,NA,NA,NA,NA,NA
110,NA,NA,NA,NA,NA
111,NA,NA,NA,NA,NA
112,NA,NA,NA,NA,NA
113,NA,NA,NA,NA,NA
114,NA,NA,NA,NA,NA
115,NA,NA,NA,NA,NA
116,NA,NA,NA,NA,NA
117,NA,NA,NA,NA,NA
118,NA,NA,NA,NA,NA
119,NA,NA,NA,NA,NA
120,NA,NA,NA,NA,NA
121,NA,NA,NA,NA,NA
122,NA,NA,NA,NA,NA
123,51,1,1,5,9
124,51,1,0,3,2
125,51,1,-1,1,3
126,51,1,-2,5,8
127,51,1,-2,10,5
128,51,1,-2,1,4
129,51,1,5,3,9
130,51,1,-3,10,17
131,52,1,12,3,13
132,52,1,6,10,18
133,52,1,2,10,9
134,52,1,0,1,4
135,52,1,0,5,8
136,52,1,-6,5,8
137,53,1,-20,3,1
138,53,1,3,1,0
139,53,1,20,10,0
140,53,1,13,5,9
141,53,1,6,10,1
142,53,1,5,3,7
143,54,2,0,1,1
144,54,2,1,10,15
145,54,2,2,5,13
146,55,2,-16,3,8
147,55,2,3,10,2
148,55,2,4,1,3
149,55,2,7,3,12
150,55,2,-18,10,2
151,55,2,11,1,0
152,56,2,-9,5,10
153,56,2,-6,1,2
154,56,2,-3,10,19
155,56,2,-3,3,4
156,56,2,2,5,23
157,56,2,22,10,11
158,56,2,-11,1,2
159,56,2,-7,3,14
160,57,3,5,5,8
161,57,3,3,1,3
162,57,3,-2,1,7
163,57,3,-3,10,1
164,57,3,-4,10,6
165,57,3,-4,3,10
166,58,3,3,5,8
167,58,3,1,1,4
168,58,3,-3,5,19
169,58,3,-5,3,14
170,58,3,-9,10,31
171,58,3,16,3,2
172,58,3,13,1,3
173,59,3,8,5,12
174,59,3,10,5,9
175,59,3,7,1,5
176,59,3,-8,3,12
177,59,3,-8,3,1
178,59,3,8,10,2
179,60,4,1,1,3
180,60,4,1,10,23
181,60,4,1,3,8
182,60,4,1,1,5
183,60,4,5,3,8
184,60,4,3,5,22
185,60,4,-3,5,0
186,62,4,-9,10,7
187,62,4,-11,3,0
188,62,4,-10,5,11
189,62,4,-13,1,0
190,62,4,-3,3,9
191,62,4,-3,5,4
192,62,4,-5,10,18
193,62,4,-6,1,2
194,63,5,-10,3,3
195,63,5,10,5,10
196,63,5,11,3,14
197,63,5,-6,5,3
198,63,5,-5,10,6
199,63,5,0,1,3
200,63,5,6,1,8
201,63,5,8,10,11
202,64,5,21,10,35
203,64,5,11,10,21
204,64,5,22,5,1
205,64,5,20,5,9
206,64,5,11,3,6
207,64,5,8,1,0
208,64,5,3,3,3
209,64,5,-3,1,4
210,65,5,-3,3,15
211,65,5,-3,10,3
212,65,5,-4,10,3
213,65,5,-6,5,1
214,65,5,2,3,9
215,65,5,0,5,10
216,65,5,-1,1,3
217,66,6,8,1,2
218,66,6,5,5,10
219,66,6,-1,10,8
220,66,6,-2,10,7
221,66,6,-4,5,12
222,66,6,22,1,4
223,66,6,-10,3,1
224,66,6,-10,3,5
225,67,6,-3,5,5
226,67,6,0,10,5
227,67,6,1,5,11
228,67,6,1,10,7
229,67,6,7,3,5
230,67,6,-8,1,4
231,67,6,6,1,4
232,68,6,-7,10,4
233,68,6,-6,3,5
234,68,6,3,1,2
235,68,6,6,5,22
236,68,6,-19,5,8
237,68,6,-15,3,3
238,68,6,-7,10,18
239,68,6,-7,1,2
240,69,7,-5,10,5
241,69,7,-8,1,5
242,69,7,5,1,3
243,69,7,4,5,6
244,69,7,4,3,15
245,69,7,4,5,13
246,69,7,2,3,15
247,69,7,-4,10,22
248,71,7,-11,10,18
249,71,7,-6,1,2
250,71,7,0,5,15
251,71,7,-2,10,16
252,71,7,-6,3,10
253,71,7,-9,5,7
254,71,7,-10,1,4
255,71,7,0,3,9
256,75,9,-3,5,16
257,75,9,-9,1,8
258,75,9,-18,5,6
259,76,9,-1,3,8
260,76,9,3,1,3
261,76,9,4,3,9
262,76,9,6,5,4
263,76,9,13,10,18
264,76,9,-6,10,18
265,77,9,-4,1,2
266,77,9,-5,10,35
267,77,9,-7,5,2
268,77,9,-10,3,7
269,77,9,7,10,9
270,77,9,8,3,7
271,77,9,6,1,2
272,78,10,7,10,3
273,78,10,5,3,10
274,78,10,1,3,17
275,78,10,-2,10,5
276,78,10,-8,1,4
277,79,10,-12,10,16
278,79,10,7,1,1
279,79,10,4,5,8
280,79,10,-3,1,2
281,79,10,-11,3,6
282,79,10,-3,5,5
283,79,10,-4,10,25
284,80,10,-10,1,3
285,80,10,-8,3,2
286,80,10,-8,3,4
287,80,10,-6,10,6
288,80,10,-11,1,1
289,80,10,-6,10,2
290,81,11,-18,10,5
291,81,11,-9,10,4
292,81,11,-7,3,10
293,81,11,-3,3,6
294,81,11,0,1,2
295,81,11,1,5,4
296,81,11,4,1,4
297,81,11,3,5,13
298,82,11,-19,1,4
299,82,11,-21,5,9
300,82,11,-7,10,8
301,82,11,0,5,21
302,82,11,1,10,7
303,83,11,-2,5,10
304,83,11,-7,5,17
305,83,11,-8,1,2
306,83,11,-7,10,4
307,83,11,-1,3,16
308,83,11,3,10,22
309,83,11,-5,3,7
310,84,12,16,3,14
311,84,12,15,5,5
312,84,12,-5,5,9
313,84,12,-4,10,15
314,84,12,-2,1,5
315,84,12,7,10,1
316,85,12,20,1,2
317,85,12,-19,3,10
318,85,12,-5,5,1
319,85,12,-1,5,11
320,85,12,18,10,0
321,85,12,6,10,11
322,85,12,12,1,5
323,86,12,0,3,9
324,86,12,-11,5,8
325,86,12,-10,5,0
326,86,12,-9,10,27
327,86,12,8,1,2
328,86,12,7,1,1
329,86,12,5,3,5
330,91,14,12,3,11
331,91,14,10,1,4
332,91,14,-7,5,3
333,91,14,-7,10,11
334,91,14,-7,5,12
335,91,14,-7,3,7
336,92,14,-13,10,6
337,92,14,-6,3,8
338,92,14,0,10,5
339,92,14,3,1,3
340,92,14,17,3,15
341,92,14,6,5,14
342,92,14,-2,1,4
343,99,17,-9,1,6
344,99,17,-8,3,11
345,99,17,-5,10,17
346,99,17,-4,5,8
347,99,17,-1,10,26
348,99,17,2,3,8
349,99,17,5,1,4
350,100,17,-3,3,11
351,100,17,-4,1,2
352,100,17,-2,3,11
353,100,17,-1,10,15
354,100,17,0,1,2
355,100,17,3,10,23
356,100,17,7,5,7
357,100,17,-2,5,16
358,105,19,-5,5,1
359,105,19,-9,3,7
360,105,19,2,3,0
361,105,19,6,10,11
362,105,19,5,1,2
363,105,19,5,10,1
364,105,19,-3,1,0
365,105,19,-4,5,7
366,106,19,-4,1,3
367,106,19,0,5,1
368,106,19,3,10,1
369,106,19,3,3,9
370,106,19,4,1,2
371,106,19,-4,10,2
372,106,19,8,5,9
373,106,19,3,3,1
374,107,19,6,5,0
375,107,19,-1,3,2
376,107,19,-10,1,4
377,107,19,6,10,16
378,107,19,-7,5,16
379,107,19,-9,1,1
380,107,19,-2,10,17
381,107,19,-10,3,3
382,111,21,7,1,1
383,111,21,8,3,8
384,111,21,5,3,7
385,111,21,2,10,21
386,111,21,0,1,2
387,111,21,-7,10,12
388,111,21,-8,5,10
389,112,21,0,10,18
390,112,21,1,5,2
391,112,21,0,1,3
392,112,21,1,3,10
393,112,21,1,10,32
394,112,21,1,1,6
395,112,21,3,5,12
396,112,21,0,3,8
397,115,22,8,1,2
398,115,22,4,3,7
399,115,22,-5,5,14
400,115,22,0,10,21
401,115,22,0,5,7
402,115,22,7,3,1
403,117,23,-12,5,5
404,117,23,-10,10,11
405,117,23,-5,10,9
406,117,23,-4,1,1
407,117,23,1,5,13
408,117,23,8,1,0
409,117,23,13,3,1
410,117,23,-14,3,8
411,118,23,4,10,4
412,118,23,-2,10,8
413,118,23,-7,1,4
414,118,23,8,5,3
415,118,23,7,5,8
416,118,23,6,3,5
417,121,24,4,5,5
418,121,24,5,5,13
419,121,24,9,3,6
420,121,24,7,10,5
421,121,24,8,3,5
422,121,24,8,1,3
423,121,24,8,10,12
424,122,24,4,3,10
425,122,24,3,10,1
426,122,24,1,1,3
427,122,24,-1,5,15
428,122,24,-3,3,5
429,122,24,-3,1,2
430,122,24,-4,10,3
431,122,24,-5,5,17
432,123,25,-5,5,8
433,123,25,-6,5,2
434,123,25,-9,1,2
435,123,25,-16,10,12
436,124,25,5,5,20
437,124,25,-5,5,11
438,124,25,-9,3,8
439,124,25,-16,10,12
440,124,25,5,10,4
441,124,25,6,3,5
442,125,25,-7,10,10
443,125,25,-4,3,9
444,125,25,-13,1,2
445,125,25,-11,1,5
446,125,25,-10,5,10
447,125,25,-9,5,6
448,125,25,1,3,10
449,125,25,11,10,15
450,126,26,-6,1,7
451,126,26,-5,3,8
452,126,26,-4,3,5
453,126,26,1,5,16
454,126,26,4,10,24
455,126,26,12,5,19
456,126,26,-14,10,9
457,129,27,-9,1,4
458,129,27,4,5,15
459,129,27,5,3,5
460,129,27,6,10,18
461,129,27,9,1,1
462,129,27,4,10,14
463,129,27,-10,5,9
464,129,27,-14,3,1
465,135,29,-14,3,10
466,135,29,10,10,3
467,135,29,-9,5,7
468,135,29,6,10,26
469,135,29,4,1,1
470,135,29,3,5,15
471,136,29,-8,10,4
472,136,29,-10,1,1
473,136,29,4,3,14
474,136,29,3,5,9
475,137,29,2,3,1
476,137,29,2,10,2
477,137,29,7,10,6
478,137,29,11,3,5
479,137,29,11,5,9
480,137,29,22,1,0
481,137,29,11,1,6
482,141,31,1,10,2
483,141,31,-5,5,15
484,141,31,-9,3,1
485,141,31,1,1,4
486,141,31,7,10,3
487,141,31,7,5,14
488,141,31,2,3,3
489,142,31,-6,10,1
490,142,31,10,5,11
491,142,31,9,5,4
492,142,31,4,1,5
493,142,31,-3,3,6
494,142,31,-6,3,19
495,144,32,12,5,1
496,144,32,-6,3,11
497,144,32,0,5,14
498,144,32,3,10,9
499,144,32,16,1,0
500,144,32,18,1,0
501,144,32,19,3,1
502,145,32,0,5,0
503,145,32,-8,1,4
504,145,32,-5,5,14
505,145,32,-7,10,3
506,145,32,8,10,9
507,145,32,6,3,3
508,145,32,5,1,2
509,149,33,2,3,5
510,149,33,17,5,1
511,149,33,11,10,14
512,149,33,8,10,19
513,149,33,-4,1,4
514,149,33,-6,1,6
515,150,34,-10,10,15
516,150,34,-19,3,1
517,150,34,-4,3,6
518,150,34,-6,1,4
519,150,34,-7,10,13
520,150,34,-9,5,8
521,150,34,-2,5,8
522,154,35,-4,10,10
523,154,35,2,1,5
524,154,35,-2,5,20
525,154,35,-2,1,2
526,154,35,-8,3,1
527,154,35,2,10,13
528,154,35,2,3,18
529,154,35,1,5,5
530,158,36,0,10,28
531,158,36,-5,1,2
532,158,36,6,10,18
533,158,36,6,5,9
534,158,36,8,1,2
535,158,36,10,3,11
536,158,36,-5,3,6
537,159,37,-3,1,3
538,159,37,6,3,5
539,159,37,-5,5,15
540,159,37,4,10,25
541,159,37,-1,10,13
542,159,37,-1,1,3
543,159,37,-5,5,0
544,159,37,-6,3,7
545,161,37,14,1,0
546,161,37,-7,10,5
547,161,37,-1,3,1
548,161,37,3,10,23
549,161,37,10,5,2
550,161,37,11,5,8
551,161,37,5,3,2
552,162,38,8,1,2
553,162,38,2,3,4
554,162,38,2,10,18
555,162,38,-1,1,3
556,162,38,-7,3,1
557,162,38,-8,5,6
558,162,38,-13,5,1
559,162,38,-5,10,1
560,163,38,-12,1,6
561,163,38,-13,3,3
562,163,38,-13,10,2
563,163,38,-17,10,16
564,163,38,13,5,3
565,163,38,4,5,1
566,163,38,-1,1,3
567,164,38,-4,1,7
568,164,38,-4,1,4
569,164,38,-7,3,3
570,164,38,-18,5,15
571,164,38,23,5,6
572,164,38,-3,10,23
573,165,39,1,1,3
574,165,39,4,1,0
575,165,39,7,10,3
576,165,39,7,3,16
577,165,39,7,5,3
578,165,39,1,3,15
579,165,39,7,10,6
580,165,39,8,5,3
581,167,39,4,3,8
582,167,39,-2,1,0
583,167,39,5,3,12
584,167,39,-2,10,8
585,167,39,-6,5,17
586,167,39,-10,5,8
587,167,39,-6,1,3
588,169,40,-4,3,3
589,169,40,3,10,5
590,169,40,5,10,28
591,169,40,6,5,10
592,169,40,19,5,3
593,170,40,0,3,15
594,170,40,1,5,8
595,170,40,4,3,10
596,170,40,9,1,2
597,170,40,6,5,20
598,172,41,5,1,5
599,172,41,7,3,13
600,172,41,8,10,13
601,172,41,-6,10,15
602,172,41,-4,3,12
603,172,41,8,5,12
604,172,41,4,5,17
605,172,41,5,1,0
606,174,42,0,10,5
607,174,42,-6,1,5
608,174,42,-5,10,7
609,174,42,-4,5,14
610,174,42,3,5,12
611,174,42,2,1,7
612,174,42,3,3,16
613,174,42,3,3,5
614,176,42,5,10,20
615,176,42,3,1,2
616,176,42,-3,5,17
617,176,42,-4,10,21
618,176,42,-8,3,14
619,176,42,-8,5,5
620,176,42,-8,1,5
621,176,42,-9,3,1
622,177,43,6,10,9
623,177,43,-10,1,3
624,177,43,2,5,17
625,177,43,5,1,5
626,177,43,-10,3,10
627,177,43,-10,3,10
628,177,43,-8,5,19
629,177,43,-4,10,25
630,180,44,-1,3,13
631,180,44,1,10,3
632,180,44,2,10,15
633,180,44,2,5,12
634,180,44,8,5,4
635,180,44,6,1,3
636,180,44,2,1,5
637,180,44,6,3,6
638,182,44,-5,10,8
639,182,44,-8,1,5
640,182,44,-8,3,5
641,182,44,-9,1,1
642,182,44,9,3,9
643,182,44,5,5,12
644,182,44,3,10,17
645,182,44,0,5,10
646,183,45,10,10,18
647,183,45,-4,1,2
648,183,45,-7,1,2
649,183,45,-6,3,10
650,183,45,-5,5,2
651,183,45,5,3,7
652,183,45,2,10,1
653,183,45,-3,5,17
654,184,45,18,10,14
655,184,45,-2,5,3
656,184,45,-14,1,3
657,184,45,-9,10,3
658,184,45,-6,1,3
659,184,45,9,3,11
660,184,45,11,5,13
661,184,45,4,3,7
662,186,46,-4,10,5
663,186,46,3,1,3
664,186,46,11,10,3
665,186,46,-9,3,10
666,186,46,-10,1,9
667,186,46,-10,5,12
668,186,46,-10,5,13
669,187,46,7,1,2
670,187,46,-6,5,11
671,187,46,-6,10,7
672,187,46,-6,3,15
673,187,46,-7,3,3
674,187,46,0,1,2
675,187,46,-4,5,11
676,187,46,-5,10,3
677,191,47,1,5,25
678,191,47,6,1,5
679,191,47,4,3,8
680,191,47,-3,10,14
681,191,47,-3,1,6
682,191,47,-5,10,9
683,191,47,4,3,14
684,191,47,1,5,16
685,192,48,4,10,25
686,192,48,-10,5,12
687,192,48,8,3,3
688,192,48,10,3,7
689,192,48,11,1,4
690,192,48,-3,5,10
691,192,48,16,1,3
692,193,48,3,5,5
693,193,48,5,3,10
694,193,48,-6,3,5
695,193,48,4,10,17
696,193,48,4,1,4
697,193,48,4,1,1
698,193,48,4,10,15
699,194,48,8,1,3
700,194,48,8,1,4
701,194,48,4,5,15
702,194,48,3,5,15
703,194,48,-3,10,7
704,194,48,-5,3,6
705,194,48,-5,10,26
706,196,49,7,5,22
707,196,49,-8,1,4
708,196,49,-7,5,16
709,196,49,-5,10,28
710,196,49,0,10,1
711,196,49,5,3,16
712,51,1,NA,10,5
713,51,1,NA,1,3
714,51,1,NA,5,4
715,51,1,NA,3,15
716,52,1,NA,3,7
717,52,1,NA,1,1
718,52,1,NA,10,24
719,53,1,NA,5,11
720,53,1,NA,10,4
721,53,1,NA,1,2
722,53,1,NA,3,8
723,54,2,NA,10,28
724,54,2,NA,1,5
725,55,2,NA,3,1
726,55,2,NA,5,1
727,55,2,NA,10,11
728,56,2,NA,3,5
729,56,2,NA,10,1
730,56,2,NA,1,3
731,57,3,NA,10,15
732,57,3,NA,3,5
733,57,3,NA,1,6
734,57,3,NA,5,8
735,58,3,NA,1,2
736,58,3,NA,3,4
737,58,3,NA,10,15
738,59,3,NA,5,0
739,60,4,NA,1,3
740,60,4,NA,3,3
741,60,4,NA,10,4
742,61,4,NA,1,2
743,61,4,NA,1,1
744,61,4,NA,3,8
745,61,4,NA,3,12
746,61,4,NA,1,1
747,61,4,NA,10,4
748,61,4,NA,10,11
749,61,4,NA,5,4
750,61,4,NA,5,13
751,62,4,NA,10,33
752,62,4,NA,1,2
753,63,5,NA,3,4
754,63,5,NA,1,4
755,63,5,NA,5,12
756,63,5,NA,10,2
757,64,5,NA,5,10
758,64,5,NA,1,2
759,64,5,NA,10,6
760,65,5,NA,1,4
761,65,5,NA,10,22
762,65,5,NA,3,3
763,66,6,NA,10,5
764,66,6,NA,1,2
765,66,6,NA,5,21
766,66,6,NA,3,15
767,67,6,NA,3,8
768,67,6,NA,5,15
769,67,6,NA,10,11
770,67,6,NA,1,2
771,68,6,NA,1,3
772,68,6,NA,10,6
773,68,6,NA,3,13
774,68,6,NA,5,5
775,69,7,NA,5,15
776,69,7,NA,3,11
777,69,7,NA,1,9
778,69,7,NA,10,33
779,70,7,NA,10,0
780,70,7,NA,5,11
781,70,7,NA,3,1
782,70,7,NA,1,3
783,71,7,NA,1,3
784,71,7,NA,3,10
785,71,7,NA,10,14
786,72,8,NA,10,5
787,72,8,NA,1,5
788,73,8,NA,10,14
789,74,8,NA,1,0
790,74,8,NA,3,3
791,74,8,NA,5,2
792,74,8,NA,1,0
793,74,8,NA,3,2
794,74,8,NA,5,4
795,74,8,NA,10,12
796,75,9,NA,10,30
797,75,9,NA,1,3
798,75,9,NA,5,7
799,76,9,NA,10,5
800,76,9,NA,1,2
801,77,9,NA,5,3
802,77,9,NA,3,16
803,77,9,NA,1,1
804,77,9,NA,10,2
805,78,10,NA,5,4
806,78,10,NA,1,2
807,78,10,NA,10,11
808,78,10,NA,3,22
809,78,10,NA,5,6
810,78,10,NA,1,2
811,79,10,NA,10,3
812,79,10,NA,5,10
813,79,10,NA,3,5
814,79,10,NA,1,3
815,80,10,NA,10,27
816,80,10,NA,5,13
817,80,10,NA,3,11
818,80,10,NA,1,2
819,81,11,NA,3,5
820,81,11,NA,10,5
821,82,11,NA,10,11
822,82,11,NA,3,1
823,82,11,NA,1,4
824,83,11,NA,10,9
825,83,11,NA,5,18
826,83,11,NA,1,1
827,83,11,NA,3,9
828,84,12,NA,1,4
829,84,12,NA,3,2
830,84,12,NA,5,21
831,84,12,NA,10,22
832,85,12,NA,3,5
833,85,12,NA,10,25
834,85,12,NA,5,6
835,85,12,NA,1,2
836,86,12,NA,10,31
837,87,13,NA,3,3
838,87,13,NA,5,14
839,87,13,NA,5,2
840,87,13,NA,10,13
841,87,13,NA,10,12
842,87,13,NA,1,5
843,87,13,NA,3,3
844,87,13,NA,5,8
845,87,13,NA,10,18
846,87,13,NA,1,4
847,87,13,NA,3,7
848,90,14,NA,5,10
849,90,14,NA,10,20
850,90,14,NA,3,3
851,90,14,NA,10,6
852,90,14,NA,1,2
853,90,14,NA,1,3
854,91,14,NA,10,20
855,91,14,NA,5,2
856,91,14,NA,1,1
857,92,14,NA,3,4
858,92,14,NA,1,3
859,92,14,NA,10,1
860,92,14,NA,5,19
861,96,16,NA,1,3
862,96,16,NA,3,3
863,96,16,NA,3,11
864,96,16,NA,3,7
865,96,16,NA,5,12
866,96,16,NA,5,11
867,96,16,NA,5,7
868,96,16,NA,10,28
869,96,16,NA,10,6
870,96,16,NA,10,5
871,96,16,NA,1,7
872,97,16,NA,10,15
873,97,16,NA,10,25
874,97,16,NA,5,19
875,97,16,NA,3,10
876,97,16,NA,1,2
877,97,16,NA,1,3
878,97,16,NA,3,12
879,97,16,NA,5,6
880,98,16,NA,10,26
881,98,16,NA,1,4
882,100,17,NA,1,5
883,100,17,NA,5,1
884,101,17,NA,3,9
885,101,17,NA,10,26
886,101,17,NA,10,14
887,101,17,NA,5,23
888,101,17,NA,1,2
889,101,17,NA,1,5
890,105,19,NA,10,21
891,105,19,NA,1,4
892,105,19,NA,3,8
893,105,19,NA,5,8
894,106,19,NA,10,15
895,106,19,NA,5,19
896,106,19,NA,3,7
897,106,19,NA,1,6
898,107,19,NA,5,7
899,107,19,NA,1,5
900,108,20,NA,1,6
901,108,20,NA,3,7
902,108,20,NA,1,1
903,108,20,NA,5,6
904,108,20,NA,10,1
905,108,20,NA,10,18
906,109,20,NA,5,11
907,109,20,NA,10,11
908,109,20,NA,3,6
909,109,20,NA,1,0
910,109,20,NA,10,12
911,109,20,NA,1,3
912,109,20,NA,1,4
913,109,20,NA,5,12
914,109,20,NA,3,16
915,110,20,NA,4,5
916,110,20,NA,5,9
917,110,20,NA,10,16
918,110,20,NA,10,3
919,110,20,NA,10,7
920,110,20,NA,5,11
921,110,20,NA,1,5
922,110,20,NA,1,4
923,110,20,NA,1,3
924,110,20,NA,3,8
925,110,20,NA,3,10
926,110,20,NA,3,13
927,111,21,NA,10,7
928,111,21,NA,1,5
929,111,21,NA,3,2
930,112,21,NA,5,13
931,112,21,NA,10,6
932,112,21,NA,3,12
933,112,21,NA,1,7
934,112,21,NA,5,2
935,114,22,NA,1,1
936,114,22,NA,5,19
937,114,22,NA,10,1
938,114,22,NA,3,6
939,114,22,NA,1,0
940,115,22,NA,5,4
941,115,22,NA,10,3
942,115,22,NA,3,5
943,116,22,NA,10,2
944,116,22,NA,5,18
945,116,22,NA,3,9
946,116,22,NA,1,4
947,116,22,NA,1,2
948,116,22,NA,3,8
949,116,22,NA,3,3
950,116,22,NA,10,27
951,116,22,NA,10,2
952,116,22,NA,1,2
953,116,22,NA,5,5
954,116,22,NA,5,13
955,117,23,NA,1,4
956,117,23,NA,10,11
957,119,23,NA,10,24
958,119,23,NA,3,16
959,119,23,NA,5,21
960,119,23,NA,1,7
961,119,23,NA,1,4
962,120,24,NA,10,28
963,120,24,NA,5,18
964,120,24,NA,3,12
965,120,24,NA,1,5
966,120,24,NA,1,3
967,121,24,NA,5,17
968,121,24,NA,3,7
969,121,24,NA,1,1
970,121,24,NA,10,5
971,122,24,NA,3,11
972,122,24,NA,10,4
973,122,24,NA,1,4
974,124,25,NA,1,6
975,124,25,NA,5,2
976,124,25,NA,10,21
977,124,25,NA,3,13
978,125,25,NA,1,10
979,125,25,NA,3,17
980,125,25,NA,5,14
981,126,26,NA,5,7
982,126,26,NA,3,19
983,126,26,NA,10,22
984,127,26,NA,1,5
985,127,26,NA,3,8
986,127,26,NA,5,4
987,127,26,NA,10,15
988,127,26,NA,1,1
989,127,26,NA,3,13
990,127,26,NA,5,10
991,127,26,NA,1,3
992,127,26,NA,10,12
993,127,26,NA,5,14
994,128,26,NA,1,4
995,128,26,NA,3,12
996,128,26,NA,5,1
997,129,27,NA,1,4
998,129,27,NA,10,10
999,129,27,NA,5,5
1000,129,27,NA,3,11
1001,134,28,NA,10,29
1002,134,28,NA,1,5
1003,134,28,NA,5,20
1004,134,28,NA,3,8
1005,135,29,NA,5,23
1006,135,29,NA,3,11
1007,135,29,NA,1,4
1008,135,29,NA,10,16
1009,136,29,NA,1,1
1010,136,29,NA,5,14
1011,136,29,NA,10,16
1012,137,29,NA,5,10
1013,137,29,NA,10,2
1014,137,29,NA,1,4
1015,137,29,NA,3,2
1016,138,30,NA,3,10
1017,138,30,NA,5,6
1018,138,30,NA,10,14
1019,138,30,NA,1,5
1020,139,30,NA,10,3
1021,139,30,NA,5,21
1022,139,30,NA,3,5
1023,139,30,NA,1,1
1024,141,31,NA,3,8
1025,141,31,NA,1,2
1026,141,31,NA,10,11
1027,141,31,NA,5,15
1028,142,31,NA,1,2
1029,142,31,NA,10,11
1030,143,31,NA,1,1
1031,143,31,NA,10,12
1032,143,31,NA,5,19
1033,143,31,NA,1,1
1034,143,31,NA,3,1
1035,144,32,NA,3,1
1036,144,32,NA,1,1
1037,144,32,NA,5,8
1038,145,32,NA,3,9
1039,145,32,NA,5,8
1040,145,32,NA,10,1
1041,145,32,NA,1,3
1042,147,33,NA,3,13
1043,147,33,NA,1,8
1044,147,33,NA,10,18
1045,147,33,NA,5,9
1046,149,33,NA,3,12
1047,149,33,NA,10,19
1048,149,33,NA,5,12
1049,150,34,NA,10,29
1050,150,34,NA,5,19
1051,150,34,NA,3,5
1052,151,34,NA,5,5
1053,151,34,NA,3,1
1054,151,34,NA,10,9
1055,152,34,NA,3,3
1056,152,34,NA,1,5
1057,152,34,NA,3,0
1058,152,34,NA,10,6
1059,152,34,NA,10,11
1060,152,34,NA,5,13
1061,152,34,NA,5,6
1062,153,35,NA,1,3
1063,153,35,NA,3,16
1064,153,35,NA,3,15
1065,153,35,NA,5,8
1066,153,35,NA,10,3
1067,153,35,NA,1,6
1068,153,35,NA,5,12
1069,153,35,NA,1,1
1070,153,35,NA,10,7
1071,154,35,NA,10,8
1072,156,36,NA,5,12
1073,156,36,NA,1,3
1074,156,36,NA,10,27
1075,156,36,NA,10,2
1076,156,36,NA,10,16
1077,156,36,NA,1,4
1078,156,36,NA,3,12
1079,156,36,NA,3,2
1080,156,36,NA,5,18
1081,157,36,NA,1,3
1082,157,36,NA,5,10
1083,157,36,NA,3,8
1084,157,36,NA,1,7
1085,158,36,NA,5,20
1086,158,36,NA,10,3
1087,158,36,NA,1,4
1088,159,37,NA,1,3
1089,159,37,NA,10,15
1090,159,37,NA,5,14
1091,159,37,NA,3,7
1092,162,38,NA,10,4
1093,162,38,NA,1,4
1094,163,38,NA,3,11
1095,163,38,NA,1,1
1096,163,38,NA,10,26
1097,163,38,NA,5,17
1098,164,38,NA,3,8
1099,164,38,NA,5,12
1100,164,38,NA,1,6
1101,164,38,NA,10,8
1102,165,39,NA,10,22
1103,165,39,NA,3,7
1104,166,39,NA,1,6
1105,166,39,NA,1,4
1106,166,39,NA,5,11
1107,166,39,NA,3,3
1108,166,39,NA,3,10
1109,166,39,NA,5,1
1110,166,39,NA,10,15
1111,166,39,NA,10,6
1112,167,39,NA,5,4
1113,167,39,NA,3,11
1114,167,39,NA,1,5
1115,169,40,NA,3,12
1116,169,40,NA,3,12
1117,169,40,NA,10,12
1118,170,40,NA,10,14
1119,170,40,NA,1,6
1120,172,41,NA,5,11
1121,172,41,NA,10,30
1122,172,41,NA,3,7
1123,172,41,NA,1,4
1124,174,42,NA,10,17
1125,174,42,NA,1,6
1126,174,42,NA,5,7
1127,174,42,NA,3,12
1128,176,42,NA,1,2
1129,176,42,NA,3,10
1130,176,42,NA,10,25
1131,176,42,NA,5,19
1132,177,43,NA,1,3
1133,177,43,NA,5,17
1134,177,43,NA,10,4
1135,177,43,NA,3,9
1136,177,43,NA,3,2
1137,177,43,NA,10,24
1138,180,44,NA,10,17
1139,180,44,NA,1,5
1140,180,44,NA,3,15
1141,180,44,NA,5,17
1142,181,44,NA,3,8
1143,181,44,NA,5,13
1144,181,44,NA,10,15
1145,181,44,NA,1,5
1146,182,44,NA,5,15
1147,182,44,NA,10,15
1148,182,44,NA,1,5
1149,182,44,NA,3,8
1150,183,45,NA,5,6
1151,183,45,NA,10,20
1152,183,45,NA,3,5
1153,183,45,NA,1,5
1154,184,45,NA,1,5
1155,184,45,NA,10,15
1156,184,45,NA,5,22
1157,184,45,NA,3,9
1158,185,45,NA,10,27
1159,185,45,NA,10,24
1160,185,45,NA,5,14
1161,185,45,NA,3,10
1162,185,45,NA,5,18
1163,185,45,NA,3,11
1164,185,45,NA,1,0
1165,185,45,NA,10,20
1166,185,45,NA,1,1
1167,185,45,NA,1,3
1168,186,46,NA,10,29
1169,186,46,NA,5,19
1170,186,46,NA,3,10
1171,186,46,NA,1,4
1172,187,46,NA,10,8
1173,187,46,NA,5,9
1174,188,46,NA,10,32
1175,188,46,NA,1,9
1176,192,48,NA,1,2
1177,193,48,NA,5,14
1178,193,48,NA,10,7
1179,193,48,NA,1,5
1180,193,48,NA,3,3
1181,194,48,NA,1,6
1182,194,48,NA,10,18
1183,196,49,NA,10,27
1184,196,49,NA,5,13
1185,197,49,NA,1,3
1186,197,49,NA,1,3
1187,197,49,NA,3,4
1188,197,49,NA,3,12
1189,197,49,NA,10,19
1190,197,49,NA,5,11
1191,197,49,NA,3,12
1192,197,49,NA,5,2
1193,197,49,NA,5,16
1194,197,49,NA,10,16
1195,197,49,NA,10,28
1196,197,49,NA,1,6
1197,199,50,NA,10,11
1198,199,50,NA,3,20
1199,199,50,NA,5,16
1200,199,50,NA,1,1
1201,199,50,NA,1,4
1202,199,50,NA,10,12
1203,200,50,NA,5,24
1204,200,50,NA,10,30
1205,200,50,NA,3,16
1206,200,50,NA,1,2
